<?xml version="1.0" encoding="UTF-8"?>

<mule xmlns:apikit="http://www.mulesoft.org/schema/mule/apikit"
	xmlns:http="http://www.mulesoft.org/schema/mule/http"
	xmlns="http://www.mulesoft.org/schema/mule/core" xmlns:doc="http://www.mulesoft.org/schema/mule/documentation"
	xmlns:spring="http://www.springframework.org/schema/beans" 
	xmlns:xsi="http://www.w3.org/2001/XMLSchema-instance"
	xsi:schemaLocation="http://www.mulesoft.org/schema/mule/apikit http://www.mulesoft.org/schema/mule/apikit/current/mule-apikit.xsd
http://www.mulesoft.org/schema/mule/http http://www.mulesoft.org/schema/mule/http/current/mule-http.xsd
http://www.springframework.org/schema/beans http://www.springframework.org/schema/beans/spring-beans-current.xsd
http://www.mulesoft.org/schema/mule/core http://www.mulesoft.org/schema/mule/core/current/mule.xsd">

<flow name="sdcd-home">
		<http:listener config-ref="Main_HTTP_Listener_Configuration" path="/*" doc:name="HTTP"/>
		<http:static-resource-handler resourceBase="${app.home}/web" defaultFile="index.html" doc:name="HTTP Static Resource Handler"/>
	</flow>
	 <flow name="sdcd-appFlow">
        <http:listener config-ref="Main_HTTP_Listener_Configuration" path="/api/*" doc:name="HTTP"/>
        <apikit:router config-ref="Main_Router_SDCD_App_Config" doc:name="APIkit Router"/>
        <exception-strategy ref="cloudhub-logs-archiver-apiKitGlobalExceptionMapping" doc:name="Reference Exception Strategy"/>
    </flow>
    <flow name="sdcd-app-console">
        <http:listener config-ref="Main_HTTP_Listener_Configuration" path="/console/*" doc:name="HTTP"/>
        <apikit:console config-ref="Main_Router_SDCD_App_Config" doc:name="APIkit Console"/>
    </flow>
</mule>
