<?xml version="1.0" encoding="UTF-8"?>

<mule xmlns:apikit="http://www.mulesoft.org/schema/mule/apikit"
	xmlns="http://www.mulesoft.org/schema/mule/core" xmlns:doc="http://www.mulesoft.org/schema/mule/documentation"
	xmlns:spring="http://www.springframework.org/schema/beans" version="CE-3.9.0"
	xmlns:xsi="http://www.w3.org/2001/XMLSchema-instance"
	xsi:schemaLocation="
http://www.mulesoft.org/schema/mule/apikit http://www.mulesoft.org/schema/mule/apikit/current/mule-apikit.xsd http://www.springframework.org/schema/beans http://www.springframework.org/schema/beans/spring-beans-current.xsd
http://www.mulesoft.org/schema/mule/core http://www.mulesoft.org/schema/mule/core/current/mule.xsd">
<apikit:mapping-exception-strategy name="cloudhub-logs-archiver-apiKitGlobalExceptionMapping">
    <apikit:mapping statusCode="404">
        <apikit:exception value="org.mule.module.apikit.exception.NotFoundException" />
        <set-property propertyName="Content-Type" value="application/json" doc:name="Property"/>
        <set-payload value="{ &quot;message&quot;: &quot;Resource not found&quot; }" doc:name="Set Payload"/>
    </apikit:mapping>
    <apikit:mapping statusCode="405">
        <apikit:exception value="org.mule.module.apikit.exception.MethodNotAllowedException" />
        <set-property propertyName="Content-Type" value="application/json" doc:name="Property"/>
        <set-payload value="{ &quot;message&quot;: &quot;Method not allowed&quot; }" doc:name="Set Payload"/>
    </apikit:mapping>
    <apikit:mapping statusCode="415">
        <apikit:exception value="org.mule.module.apikit.exception.UnsupportedMediaTypeException" />
        <set-property propertyName="Content-Type" value="application/json" doc:name="Property"/>
        <set-payload value="{ &quot;message&quot;: &quot;Unsupported media type&quot; }" doc:name="Set Payload"/>
    </apikit:mapping>
    <apikit:mapping statusCode="406">
        <apikit:exception value="org.mule.module.apikit.exception.NotAcceptableException" />
        <set-property propertyName="Content-Type" value="application/json" doc:name="Property"/>
        <set-payload value="{ &quot;message&quot;: &quot;Not acceptable&quot; }" doc:name="Set Payload"/>
    </apikit:mapping>
    <apikit:mapping statusCode="400">
        <apikit:exception value="org.mule.module.apikit.exception.BadRequestException" />
        <set-property propertyName="Content-Type" value="application/json" doc:name="Property"/>
        <set-payload value="{ &quot;message&quot;: &quot;Bad request&quot; }" doc:name="Set Payload"/>
    </apikit:mapping>
</apikit:mapping-exception-strategy>
</mule>
